{
  "Total" : {
    "transaction" : "Total",
    "sampleCount" : 270,
    "errorCount" : 28,
    "errorPct" : 10.37037,
    "meanResTime" : 1162.414814814815,
    "medianResTime" : 7.0,
    "minResTime" : 2.0,
    "maxResTime" : 35678.0,
    "pct1ResTime" : 66.0,
    "pct2ResTime" : 73.0,
    "pct3ResTime" : 35619.0,
    "throughput" : 6.4047822374039285,
    "receivedKBytesPerSec" : 2.7107277137299555,
    "sentKBytesPerSec" : 1.5218770756238733
  },
  "POST /api/auth/login" : {
    "transaction" : "POST /api/auth/login",
    "sampleCount" : 88,
    "errorCount" : 14,
    "errorPct" : 15.909091,
    "meanResTime" : 56.78409090909091,
    "medianResTime" : 64.0,
    "minResTime" : 4.0,
    "maxResTime" : 118.0,
    "pct1ResTime" : 69.0,
    "pct2ResTime" : 71.64999999999999,
    "pct3ResTime" : 118.0,
    "throughput" : 9.753934825980934,
    "receivedKBytesPerSec" : 3.8194396336732432,
    "sentKBytesPerSec" : 2.3181182110396805
  },
  "GET /api/todos" : {
    "transaction" : "GET /api/todos",
    "sampleCount" : 88,
    "errorCount" : 14,
    "errorPct" : 15.909091,
    "meanResTime" : 1079.0795454545455,
    "medianResTime" : 8.0,
    "minResTime" : 5.0,
    "maxResTime" : 35530.0,
    "pct1ResTime" : 11.300000000000026,
    "pct2ResTime" : 10765.249999999945,
    "pct3ResTime" : 35530.0,
    "throughput" : 2.0915032679738563,
    "receivedKBytesPerSec" : 0.6271817439096851,
    "sentKBytesPerSec" : 0.6852068478906713
  },
  "GET Frontend /" : {
    "transaction" : "GET Frontend /",
    "sampleCount" : 94,
    "errorCount" : 0,
    "errorPct" : 0.0,
    "meanResTime" : 2275.4893617021276,
    "medianResTime" : 3.0,
    "minResTime" : 2.0,
    "maxResTime" : 35678.0,
    "pct1ResTime" : 5.0,
    "pct2ResTime" : 35570.0,
    "pct3ResTime" : 35678.0,
    "throughput" : 2.314985839182367,
    "receivedKBytesPerSec" : 1.3157439046915405,
    "sentKBytesPerSec" : 0.3549343522965152
  }
}