{
  "Total" : {
    "transaction" : "Total",
    "sampleCount" : 4320,
    "errorCount" : 2242,
    "errorPct" : 51.898148,
    "meanResTime" : 196.95138888888889,
    "medianResTime" : 4.0,
    "minResTime" : 2.0,
    "maxResTime" : 69472.0,
    "pct1ResTime" : 181.0,
    "pct2ResTime" : 292.9499999999998,
    "pct3ResTime" : 409.0,
    "throughput" : 2.210429851855149,
    "receivedKBytesPerSec" : 0.8748853651315436,
    "sentKBytesPerSec" : 0.40205800629077076
  },
  "POST /api/auth/login" : {
    "transaction" : "POST /api/auth/login",
    "sampleCount" : 1442,
    "errorCount" : 1123,
    "errorPct" : 77.877945,
    "meanResTime" : 217.2115117891818,
    "medianResTime" : 4.0,
    "minResTime" : 2.0,
    "maxResTime" : 68409.0,
    "pct1ResTime" : 306.0,
    "pct2ResTime" : 364.0,
    "pct3ResTime" : 476.0,
    "throughput" : 0.7378650116385158,
    "receivedKBytesPerSec" : 0.2368530856777945,
    "sentKBytesPerSec" : 0.1721625729102225
  },
  "GET /api/todos" : {
    "transaction" : "GET /api/todos",
    "sampleCount" : 1432,
    "errorCount" : 1119,
    "errorPct" : 78.142456,
    "meanResTime" : 179.42388268156407,
    "medianResTime" : 4.0,
    "minResTime" : 2.0,
    "maxResTime" : 68019.0,
    "pct1ResTime" : 141.70000000000005,
    "pct2ResTime" : 192.0,
    "pct3ResTime" : 249.67000000000007,
    "throughput" : 0.7328530552858817,
    "receivedKBytesPerSec" : 0.21756525101368623,
    "sentKBytesPerSec" : 0.13348621975893638
  },
  "GET Frontend /" : {
    "transaction" : "GET Frontend /",
    "sampleCount" : 1446,
    "errorCount" : 0,
    "errorPct" : 0.0,
    "meanResTime" : 194.10511756569863,
    "medianResTime" : 4.0,
    "minResTime" : 2.0,
    "maxResTime" : 69472.0,
    "pct1ResTime" : 4.2999999999999545,
    "pct2ResTime" : 5.0,
    "pct3ResTime" : 7.0,
    "throughput" : 0.740011760352872,
    "receivedKBytesPerSec" : 0.4205926216068081,
    "sentKBytesPerSec" : 0.09645865062744911
  }
}