{
  "Total" : {
    "transaction" : "Total",
    "sampleCount" : 862,
    "errorCount" : 98,
    "errorPct" : 11.36891,
    "meanResTime" : 910.6438515081206,
    "medianResTime" : 69.0,
    "minResTime" : 2.0,
    "maxResTime" : 69336.0,
    "pct1ResTime" : 309.0,
    "pct2ResTime" : 372.0,
    "pct3ResTime" : 67952.64,
    "throughput" : 10.24057024057024,
    "receivedKBytesPerSec" : 4.309961575586576,
    "sentKBytesPerSec" : 2.4348571614196617
  },
  "POST /api/auth/login" : {
    "transaction" : "POST /api/auth/login",
    "sampleCount" : 284,
    "errorCount" : 49,
    "errorPct" : 17.253521,
    "meanResTime" : 246.55281690140848,
    "medianResTime" : 240.0,
    "minResTime" : 5.0,
    "maxResTime" : 1089.0,
    "pct1ResTime" : 379.0,
    "pct2ResTime" : 482.0,
    "pct3ResTime" : 968.7499999999981,
    "throughput" : 18.665790338481763,
    "receivedKBytesPerSec" : 7.272133277193559,
    "sentKBytesPerSec" : 4.4351277522182055
  },
  "GET /api/todos" : {
    "transaction" : "GET /api/todos",
    "sampleCount" : 284,
    "errorCount" : 49,
    "errorPct" : 17.253521,
    "meanResTime" : 99.94014084507042,
    "medianResTime" : 74.5,
    "minResTime" : 6.0,
    "maxResTime" : 311.0,
    "pct1ResTime" : 189.0,
    "pct2ResTime" : 244.0,
    "pct3ResTime" : 259.7999999999988,
    "throughput" : 18.747112020595416,
    "receivedKBytesPerSec" : 5.614090142088587,
    "sentKBytesPerSec" : 6.099244896527824
  },
  "GET Frontend /" : {
    "transaction" : "GET Frontend /",
    "sampleCount" : 294,
    "errorCount" : 0,
    "errorPct" : 0.0,
    "meanResTime" : 2335.275510204082,
    "medianResTime" : 3.0,
    "minResTime" : 2.0,
    "maxResTime" : 69336.0,
    "pct1ResTime" : 4.0,
    "pct2ResTime" : 7.25,
    "pct3ResTime" : 69061.35,
    "throughput" : 3.492723492723493,
    "receivedKBytesPerSec" : 1.9851221413721414,
    "sentKBytesPerSec" : 0.5355054573804574
  }
}